{"cameraMode":{"drawMode":0,"name":"Shaded","section":"Shading Mode"},"sceneLighting":false,"audioPlay":false,"sceneViewState":{"m_AlwaysRefresh":false,"showFog":true,"showSkybox":false,"showFlares":true,"showImageEffects":true,"showParticleSystems":true,"showVisualEffectGraphs":true,"m_FxEnabled":true},"in2DMode":false,"pivot":{"x":13.890984535217286,"y":6.800940036773682,"z":-11.636677742004395},"rotation":{"x":-0.03330398350954056,"y":0.0020947298035025598,"z":-0.00007078774069668725,"w":-0.9994480609893799},"size":0.8660253882408142,"orthographic":false}